epoch,loss_discriminator,loss_generator,params_generator,rel_entropy
0,0.5953,1.0121,"[0.61273043 0.54914796 0.12031699 0.11685062 0.48913831 0.08824438
 0.81512826 0.83400536 0.77058636 0.24508914 0.16555928 0.66205012
 0.81921276 0.9676798  0.62475666 0.81643819 0.6333723  0.06727235
 0.26243046 0.44393834 0.68593517 0.95757864 0.67427091 0.67128228
 0.39267984 0.90311986 0.717618   0.07318794 0.14839327 0.52134557
 0.78330254 0.33928201]",15.6349
1,0.5721,1.2004,"[0.60676127 0.54315233 0.11432244 0.11085555 0.48318141 0.09402532
 0.80913294 0.84000159 0.77658052 0.25108362 0.15956219 0.65606878
 0.8252121  0.97220536 0.63046679 0.82242941 0.63935304 0.06132892
 0.26839519 0.44002456 0.69179688 0.96343267 0.66828357 0.6763808
 0.39861196 0.8971225  0.71161867 0.06718847 0.14239613 0.5153499
 0.77731194 0.33329325]",15.5831
2,0.5506,1.3295,"[0.60077763 0.53715548 0.1083263  0.10485909 0.47721292 0.09987701
 0.80313631 0.8459989  0.78257566 0.25708052 0.15356456 0.65009668
 0.83121162 0.97338061 0.63626172 0.82842308 0.64533883 0.05536938
 0.27437065 0.43574798 0.6976956  0.9693298  0.66228854 0.68173538
 0.40456551 0.89112399 0.70561916 0.06118885 0.13639818 0.50935303
 0.77131891 0.32730134]",15.5323
3,0.5416,1.3737,"[0.59479042 0.53115815 0.10232953 0.09886209 0.47124015 0.10575901
 0.79713919 0.85199661 0.78857112 0.26307819 0.14756677 0.64424158
 0.8372112  0.96841929 0.64209143 0.83441769 0.65132646 0.0494035
 0.28035044 0.43132782 0.70360791 0.97524449 0.65629186 0.68720495
 0.410528   0.8851251  0.69961958 0.05518918 0.13039992 0.50335572
 0.76532503 0.32130823]",15.4832
4,0.5282,1.401,"[0.58880201 0.52516064 0.0963325  0.09286487 0.46526575 0.11165628
 0.7911419  0.8579945  0.79456668 0.26907625 0.14156901 0.65013262
 0.84321081 0.96284431 0.64793943 0.84041265 0.6573148  0.04343496
 0.28633219 0.42688496 0.70952493 0.98116744 0.65029445 0.69271964
 0.41649466 0.87912603 0.69361999 0.04918948 0.12440154 0.49735825
 0.75933085 0.3153146 ]",15.4391
5,0.5223,1.419,"[0.58281274 0.51916301 0.09033531 0.08686748 0.45929018 0.1175644
 0.78514449 0.86399249 0.80056237 0.27507456 0.13557133 0.65611243
 0.84921043 0.95710377 0.65380347 0.84640779 0.6633037  0.03746464
 0.29231525 0.42246929 0.7154446  0.98709651 0.64429662 0.69824672
 0.42246403 0.87312683 0.68762037 0.04318978 0.11840306 0.49136069
 0.75333648 0.30932062]",15.3955
6,0.5162,1.4236,"[0.57682313 0.51316532 0.084338   0.08086999 0.45331392 0.12348061
 0.77914701 0.86999055 0.8065582  0.28107305 0.12957374 0.66210041
 0.85521006 0.95128824 0.65967932 0.85240302 0.66929295 0.03149315
 0.29829921 0.41811824 0.72136501 0.99303005 0.63829852 0.70377687
 0.42843539 0.86712755 0.68162075 0.03719006 0.11240453 0.48536309
 0.74734202 0.3033264 ]",15.3524
7,0.5053,1.437,"[0.5708332  0.50716755 0.07834057 0.07487237 0.44733684 0.12940459
 0.77314944 0.87598869 0.81255424 0.28707169 0.12357621 0.66809172
 0.86120971 0.94542803 0.66556631 0.85839838 0.67528262 0.02552034
 0.30428412 0.41384627 0.72728623 0.99896821 0.63230021 0.70931185
 0.43440879 0.86112819 0.67562111 0.03119033 0.10640593 0.47936544
 0.74134742 0.29733192]",15.3097
8,0.4935,1.4727,"[0.56484289 0.50116969 0.07234301 0.06887464 0.44135888 0.13533581
 0.76715177 0.88198689 0.81855051 0.29307046 0.11757872 0.67408501
 0.86720936 0.93953826 0.67146346 0.86439389 0.68127275 0.01954615
 0.31026998 0.40967868 0.73320802 1.00491089 0.62630174 0.7148524
 0.44038418 0.85512878 0.66962146 0.02519059 0.10040726 0.47336772
 0.73535267 0.29133715]",15.2676
9,0.4849,1.475,"[0.55885241 0.49517178 0.06634536 0.06287682 0.43538037 0.14127269
 0.76115403 0.88798515 0.82454693 0.29906932 0.11158128 0.68007951
 0.87320902 0.93362891 0.67736829 0.87038948 0.68726319 0.01357097
 0.31625653 0.40567644 0.73912875 1.01085707 0.62030315 0.72039214
 0.44636111 0.84912931 0.6636218  0.01919083 0.09440854 0.46736996
 0.72935783 0.28534218]",15.2261
10,0.483,1.5013,"[0.55286152 0.48917376 0.06034758 0.05687887 0.42940095 0.14721573
 0.75515618 0.89398348 0.8305436  0.30506829 0.10558381 0.6860749
 0.8792087  0.92770368 0.68328143 0.87638523 0.69325411 0.00759442
 0.32224396 0.40188465 0.74504909 1.01680742 0.61430445 0.7259381
 0.45233987 0.84312981 0.65762213 0.01319107 0.08840975 0.46137212
 0.72336282 0.27934692]",15.1851
11,0.4691,1.5442,"[0.54687036 0.48317568 0.0543497  0.05088083 0.42342089 0.15316368
 0.74915823 0.89998187 0.83654044 0.31106733 0.09958634 0.69207093
 0.88520839 0.92176709 0.6892009  0.8823811  0.69924538 0.00161682
 0.32823207 0.39843578 0.75096721 1.02276109 0.60830566 0.73148518
 0.45832007 0.83713027 0.65162245 0.0071913  0.0824109  0.45537424
 0.71736768 0.27335145]",15.1448
12,0.4686,1.5722,"[ 0.54087899  0.47717753  0.04835173  0.0448827   0.41744023  0.15911608
  0.74316021  0.90598031  0.84253749  0.31706644  0.09358884  0.69806744
  0.89120808  0.91582154  0.69512589  0.88837708  0.70523701 -0.00436177
  0.3342208   0.39556358  0.75688189  1.02871784  0.6023068   0.73703344
  0.46430162  0.83113069  0.64562275  0.00119151  0.076412    0.44937631
  0.71137243  0.26735576]",15.1051
13,0.4502,1.6005,"[ 0.53488748  0.47117933  0.04235368  0.03888448  0.41145906  0.16507238
  0.7371621   0.91197879  0.84853469  0.3230656   0.08759131  0.70406433
  0.89720779  0.9098689   0.7010555   0.89437315  0.71122895 -0.01034126
  0.3402101   0.39387921  0.76279114  1.03467734  0.59630789  0.7425821
  0.47028436  0.82513109  0.63962305 -0.00480828  0.07041305  0.44337833
  0.70537707  0.26135989]",15.0663
14,0.4468,1.6411,"[ 0.52889577  0.46518105  0.03635554  0.03288618  0.40547729  0.17103244
  0.73116391  0.91797733  0.85453207  0.32906482  0.0815937   0.71006154
  0.9032075   0.90391021  0.70698945  0.90036934  0.71722124 -0.01632169
  0.34619997  0.3949503   0.76869293  1.0406396   0.59030893  0.74813447
  0.47626831  0.81913147  0.63362334 -0.01080808  0.06441404  0.4373803
  0.69938159  0.25536381]",15.0286
15,0.4422,1.6404,"[ 0.52290392  0.45918272  0.03035732  0.02688781  0.39949506  0.17699573
  0.72516564  0.9239759   0.86052957  0.33506409  0.07559603  0.71605901
  0.90920722  0.89794668  0.71292682  0.90636562  0.72321383 -0.02230294
  0.35219033  0.3980139   0.77458266  1.04660423  0.58430992  0.7536899
  0.48225328  0.81313183  0.62762361 -0.01680789  0.05841499  0.43138223
  0.69338601  0.24936756]",14.9917
16,0.4449,1.6581,"[ 0.51691213  0.45318436  0.02435906  0.02088939  0.39351266  0.18296141
  0.71916734  0.9299745   0.86652714  0.34106339  0.06959833  0.72205668
  0.91520695  0.89197958  0.71886614  0.91236194  0.72920659 -0.02828466
  0.358181    0.40189051  0.78045098  1.05257053  0.57831089  0.75924416
  0.48823898  0.80713217  0.62162389 -0.0228077   0.05241592  0.42538415
  0.6873904   0.2433712 ]",14.9556
17,0.435,1.6819,"[ 0.51092034  0.44718595  0.01836075  0.0148909   0.38752994  0.18892965
  0.71316898  0.93597313  0.87252481  0.34706272  0.06360056  0.72805454
  0.92120668  0.88600909  0.7248076   0.91835833  0.73519959 -0.03426703
  0.36417205  0.40617023  0.78628335  1.05853876  0.57231184  0.76480475
  0.49422551  0.80113249  0.61562415 -0.02880752  0.0464168   0.41938604
  0.68139471  0.2373747 ]",14.9201
18,0.4276,1.69,"[ 0.50492855  0.4411875   0.01236238  0.00889236  0.38154693  0.19490018
  0.70717056  0.94197178  0.87852257  0.35306209  0.05760272  0.73405255
  0.92720642  0.88003574  0.73075064  0.92435479  0.74119283 -0.04024999
  0.37016345  0.41065448  0.79203623  1.06450873  0.56631276  0.77037452
  0.5002128   0.79513281  0.60962441 -0.03480735  0.04041765  0.4133879
  0.67539896  0.23137807]",14.8851
19,0.4177,1.7254,"[ 0.49893659  0.43518899  0.00636394  0.00289375  0.37556343  0.2008732
  0.70117206  0.94797049  0.88452043  0.35906149  0.05160473  0.74005071
  0.93320616  0.87405955  0.73669554  0.93035136  0.74718637 -0.04623373
  0.37615529  0.41524254  0.7974613   1.07048072  0.56031366  0.77596291
  0.50620095  0.7891331   0.60362466 -0.04080719  0.03441846  0.40738972
  0.66940309  0.22538127]",14.8508
20,0.4227,1.755,"[ 4.92944553e-01  4.29190429e-01  3.65446552e-04 -3.10492761e-03
  3.69579559e-01  2.06848359e-01  6.95173489e-01  9.53969225e-01
  8.90518371e-01  3.65060920e-01  4.56066309e-02  7.46049004e-01
  9.39205919e-01  8.68081010e-01  7.42641543e-01  9.36348018e-01
  7.53180182e-01 -5.22181432e-02  3.82147503e-01  4.19836368e-01
  7.94724340e-01  1.07645445e+00  5.54314551e-01  7.81571999e-01
  5.12189851e-01  7.83133391e-01  5.97624900e-01 -4.68070266e-02
  2.84192303e-02  4.01391495e-01  6.63407110e-01  2.19384315e-01]",14.817
21,0.4172,1.744,"[ 0.48695262  0.42319185 -0.00563307 -0.00910365  0.36359565  0.212825
  0.68917489  0.95996798  0.89651635  0.37106037  0.03960848  0.75204739
  0.94520568  0.86210081  0.74858698  0.9423447   0.75917413 -0.05820287
  0.38813991  0.424308    0.78901794  1.08242927  0.54831544  0.78719823
  0.51817923  0.77713367  0.59162514 -0.05280687  0.02241998  0.39539327
  0.65741112  0.21338729]",14.7838
22,0.4049,1.7718,"[ 0.48096071  0.41719323 -0.01163164 -0.01510244  0.35761145  0.21880336
  0.68317623  0.96596676  0.90251439  0.37705984  0.03361024  0.75804587
  0.95120544  0.85611885  0.75453208  0.94834146  0.76516829 -0.06418814
  0.39413261  0.42849764  0.7831725   1.08840551  0.54231632  0.79285069
  0.52416921  0.77113394  0.58562537 -0.05880672  0.01642069  0.38939502
  0.65141505  0.20739013]",14.7512
23,0.3979,1.8009,"[ 0.47496887  0.41119457 -0.01763023 -0.02110128  0.351627    0.22478324
  0.67717752  0.97196556  0.90851246  0.38305933  0.0276119   0.76404443
  0.95720521  0.85013538  0.7604759   0.95433828  0.77116266 -0.07017387
  0.40012558  0.43194685  0.77727551  1.09438299  0.53631719  0.79853083
  0.53015974  0.7651342   0.57962559 -0.06480658  0.01042138  0.38339674
  0.64541892  0.20139288]",14.7191
24,0.408,1.7996,"[ 0.46897717  0.40519588 -0.02362886 -0.02710017  0.34564241  0.23076439
  0.67117877  0.97796439  0.91451057  0.38905884  0.0216135   0.77004307
  0.96320498  0.84415065  0.76641705  0.96033514  0.77715717 -0.07615994
  0.40611873  0.43260773  0.77135202  1.10036149  0.53031808  0.80423817
  0.53615069  0.75913445  0.57362581 -0.07080644  0.00442205  0.37739846
  0.63942276  0.19539553]",14.6872
25,0.4087,1.8279,"[ 0.46298576  0.39919717 -0.02962751 -0.0330991   0.33965768  0.2367467
  0.66517998  0.98396322  0.92050869  0.39505837  0.01561503  0.77604176
  0.96920475  0.83816483  0.77235398  0.96633204  0.78315183 -0.08214632
  0.41211206  0.4296053   0.76541224  1.10634092  0.52431897  0.80997301
  0.54214205  0.7531347   0.56762603 -0.0768063  -0.00157731  0.37140017
  0.63342657  0.18939811]",14.6556
26,0.3954,1.858,"[ 0.45699481  0.39319846 -0.03562617 -0.03909806  0.33367297  0.24272991
  0.65918117  0.98996206  0.92650683  0.4010579   0.00961652  0.78204049
  0.97520452  0.83217815  0.77828376  0.97232894  0.78914657 -0.08813284
  0.41810549  0.42547864  0.75946203  1.11232099  0.51831989  0.81573251
  0.54813369  0.74713495  0.56162624 -0.08280617 -0.00757668  0.3654019
  0.6274304   0.18340064]",14.6244
27,0.3895,1.8819,"[ 0.45100418  0.3871997  -0.04162487 -0.04509707  0.32768788  0.24871435
  0.6531823   0.99596092  0.93250501  0.40705744  0.00361793  0.78803929
  0.9812043   0.82619038  0.78420427  0.97832591  0.79514151 -0.09411982
  0.42409915  0.42082348  0.75350321  1.11830216  0.51232082  0.82152129
  0.5541258   0.74113519  0.55562645 -0.08880604 -0.01357607  0.3594036
  0.62143415  0.17740307]",14.594
28,0.3917,1.8577,"[ 0.44501419  0.38120094 -0.04762358 -0.0510961   0.32170275  0.25469958
  0.64718341  1.00195979  0.93850318  0.413057   -0.00238071  0.79403812
  0.98720409  0.8202019   0.79010642  0.98432289  0.80113654 -0.10010693
  0.43009291  0.41588259  0.74753874  1.12428392  0.50632177  0.82733284
  0.56011816  0.73513543  0.54962666 -0.09480591 -0.01957548  0.35340532
  0.61543791  0.17140545]",14.5644
29,0.3917,1.8566,"[ 0.43902474  0.37520214 -0.05362232 -0.05709517  0.31571734  0.26068578
  0.64118449  1.00795867  0.94450135  0.41905657 -0.0083794   0.80003699
  0.99320387  0.81421258  0.79597391  0.99031992  0.80713172 -0.10609437
  0.43608683  0.4107443   0.74156938  1.13026652  0.50032275  0.83316801
  0.56611089  0.72913566  0.54362686 -0.10080579 -0.02557491  0.34740702
  0.60944162  0.16540774]",14.5355
30,0.3853,1.8809,"[ 0.43303621  0.36920334 -0.05962106 -0.06309427  0.30973184  0.26667268
  0.63518554  1.01395756  0.9504995   0.42505614 -0.01437814  0.8060359
  0.99920365  0.80822267  0.80173712  0.99631695  0.81312698 -0.11208191
  0.44208083  0.40547759  0.73559657  1.13624964  0.49432378  0.83902197
  0.57210384  0.7231359   0.53762706 -0.10680567 -0.03157436  0.34140875
  0.60344536  0.15941   ]",14.5074
31,0.3831,1.8818,"[ 0.4270489   0.36320454 -0.06561981 -0.06909338  0.30374635  0.27266012
  0.62918657  1.01995644  0.95649759  0.43105571 -0.0203769   0.81203482
  1.00520344  0.80223229  0.80359247  1.00231397  0.81912228 -0.11806945
  0.44807484  0.40011981  0.72962112  1.14223312  0.48832486  0.84489187
  0.57809695  0.71713613  0.53162726 -0.11280555 -0.03757381  0.33541051
  0.59744914  0.15341223]",14.4804
32,0.3789,1.8834,"[ 0.42106343  0.35720575 -0.07161854 -0.0750925   0.29776091  0.27864804
  0.6231876   1.0259553   0.96249561  0.43705529 -0.02637569  0.81803375
  1.01120322  0.7962415   0.79795898  1.00831095  0.8251176  -0.12405693
  0.45406884  0.39469395  0.72364357  1.14821687  0.48232602  0.85077557
  0.58409018  0.71113637  0.52562747 -0.11880543 -0.04357326  0.32941232
  0.59145299  0.14741444]",14.4547
33,0.3832,1.8929,"[ 0.41507966  0.35120693 -0.0776173  -0.08109165  0.29177513  0.28463669
  0.61718859  1.03195418  0.96849359  0.44305487 -0.03237452  0.82403272
  1.017203    0.79025012  0.79210855  1.01430798  0.83111305 -0.13004464
  0.46006296  0.38920223  0.71766372  1.15420127  0.47632725  0.85667415
  0.59008369  0.7051366   0.51962767 -0.12480531 -0.04957274  0.32341412
  0.58545681  0.14141659]",14.4298
34,0.386,1.8824,"[ 0.40909798  0.34520809 -0.08361608 -0.08709083  0.28578901  0.29062602
  0.61118955  1.03795308  0.97449151  0.44905446 -0.0383734   0.83003171
  1.02320279  0.7842582   0.78620005  1.02030504  0.83710863 -0.13603256
  0.4660572   0.38365742  0.71168194  1.16018627  0.47032856  0.86258554
  0.59607746  0.69913684  0.51362786 -0.1308052  -0.05557224  0.31741593
  0.57946061  0.13541868]",14.4055
35,0.3792,1.9099,"[ 0.40312017  0.33920927 -0.08961484 -0.09309002  0.27980291  0.2966157
  0.6051905   1.04395196  0.98048925  0.45505406 -0.04437229  0.83603072
  1.02920257  0.77826599  0.78026604  1.02630207  0.84310421 -0.14202033
  0.47205139  0.37807927  0.70569898  1.16617141  0.46432998  0.86850587
  0.60207129  0.69313707  0.50762806 -0.13680508 -0.06157174  0.31141779
  0.57346449  0.12942076]",14.3819
36,0.3743,1.9108,"[ 0.39714759  0.33321044 -0.0956136  -0.09908922  0.27381662  0.30260584
  0.59919143  1.04995083  0.98648682  0.46105365 -0.05037121  0.84202974
  1.03520235  0.77227341  0.7743165   1.03229908  0.84909984 -0.14800811
  0.4780456   0.3724684   0.69971477  1.17215688  0.45833156  0.874435
  0.60806528  0.68713731  0.50162826 -0.14280497 -0.06757125  0.30541968
  0.56746843  0.12342282]",14.359
37,0.3768,1.9506,"[ 0.39118982  0.3272116  -0.10161237 -0.10508844  0.26783007  0.30859645
  0.59319235  1.05594971  0.99248424  0.46705324 -0.05637015  0.84802878
  1.04120214  0.76628047  0.76835666  1.03829611  0.85509555 -0.15399592
  0.48403984  0.36682815  0.69372941  1.17814271  0.45233335  0.8803721
  0.61405942  0.68113755  0.49562846 -0.14880486 -0.07357077  0.29942161
  0.56147239  0.11742483]",14.3368
38,0.3734,1.936,"[ 0.38527115  0.32121277 -0.10761112 -0.11108767  0.26184339  0.31458739
  0.58719326  1.06194858  0.99848147  0.47305283 -0.0623691   0.85402782
  1.04720192  0.76028726  0.76239003  1.04429311  0.86109127 -0.15998359
  0.49003403  0.3611665   0.68774321  1.1841287   0.44633539  0.88631542
  0.62005363  0.6751378   0.48962865 -0.15480475 -0.0795703   0.29342359
  0.55547643  0.11142684]",14.3154
39,0.3714,1.9302,"[ 0.38349189  0.31521394 -0.11360988 -0.11708692  0.25585646  0.32057872
  0.58119415  1.06794744  1.00447841  0.47905243 -0.06836808  0.86002686
  1.0532017   0.75429375  0.75641811  1.0502901   0.86708704 -0.16597122
  0.49602823  0.35548332  0.68175614  1.19011497  0.44033786  0.89226467
  0.62604796  0.66913805  0.48362885 -0.16080464 -0.08556984  0.28742561
  0.54948053  0.10542882]",14.2962
40,0.3758,1.9006,"[ 0.38942222  0.3092151  -0.11960863 -0.12308618  0.24986938  0.32657033
  0.57519504  1.07394632  1.010475    0.48505202 -0.07436708  0.86602592
  1.05920147  0.74829997  0.7504423   1.05628703  0.87308284 -0.17195858
  0.50202245  0.34978094  0.67576828  1.19610152  0.43434083  0.89821847
  0.63204232  0.6631383   0.47762905 -0.16680453 -0.09156939  0.28142772
  0.5434847   0.09943082]",14.2805
41,0.3765,1.8817,"[ 0.39539646  0.30321625 -0.12560738 -0.12908545  0.24388223  0.33256214
  0.56919593  1.0799452   1.01647133  0.49105161 -0.08036609  0.87202498
  1.06520125  0.74230595  0.74446353  1.06228388  0.87907864 -0.17794554
  0.50801668  0.34406201  0.66977974  1.20208829  0.42834442  0.90417598
  0.63803664  0.65713856  0.47162925 -0.17280443 -0.09756894  0.27542995
  0.53748895  0.09343283]",14.2655
42,0.3734,1.9084,"[ 0.40138012  0.29721738 -0.13160614 -0.13508474  0.23789482  0.33855425
  0.5631968   1.0859441   1.02246735  0.49705121 -0.08636512  0.87802404
  1.07120103  0.73631163  0.73848213  1.06828068  0.8850745  -0.18393225
  0.51401099  0.33832495  0.66379044  1.20807546  0.42234944  0.91013731
  0.644031    0.65113882  0.46562945 -0.17880432 -0.1035685   0.26943227
  0.53149323  0.08743486]",14.2511
43,0.3697,1.8882,"[ 0.40736711  0.29121851 -0.13760488 -0.14108403  0.23190742  0.34454648
  0.55719768  1.09194301  1.0284626   0.50305079 -0.09236416  0.8840231
  1.0772008   0.73031715  0.73249892  1.07427736  0.89107033 -0.18991837
  0.52000524  0.3325768   0.65780069  1.2140627   0.41635743  0.91610127
  0.65002526  0.64513908  0.45962965 -0.18480422 -0.10956806  0.26343476
  0.52549765  0.08143693]",14.2374
44,0.3733,1.8936,"[ 0.41335682  0.28521963 -0.14360363 -0.14708335  0.22591981  0.35053896
  0.55119856  1.09794193  1.03445699  0.50905038 -0.09836321  0.89002215
  1.08320057  0.72432243  0.72651394  1.08027399  0.89706618 -0.19590411
  0.52599951  0.32681473  0.65181035  1.22005022  0.41039197  0.92206815
  0.6560195   0.63913935  0.45362985 -0.19080411 -0.11556763  0.25743738
  0.51950212  0.07543902]",14.2244
45,0.3702,1.9653,"[ 0.41934837  0.27922074 -0.14960237 -0.15308267  0.21993202  0.35653162
  0.54519943  1.10394085  1.04045037  0.51504997 -0.10436228  0.89602121
  1.08920034  0.71832751  0.72052758  1.08627052  0.90306199 -0.20188922
  0.53199374  0.32104248  0.64581955  1.22603794  0.41236971  0.92803752
  0.66201368  0.63313962  0.44763005 -0.19680401 -0.1215672   0.25144018
  0.51350678  0.06944116]",14.2162
46,0.3641,1.9323,"[ 0.42534141  0.27322187 -0.1556011  -0.15908201  0.21394382  0.36252451
  0.53920031  1.10993979  1.04644212  0.52104955 -0.11036138  0.90202025
  1.09520011  0.71233238  0.71453996  1.092267    0.90905767 -0.20787349
  0.53798785  0.31526167  0.6398282   1.23202596  0.41835775  0.93400944
  0.66800782  0.62713991  0.44163025 -0.20280391 -0.12756678  0.24544315
  0.50751181  0.06344338]",14.2108
47,0.3676,1.9538,"[ 0.43133555  0.26722302 -0.16159982 -0.16508138  0.20795516  0.36851764
  0.53320118  1.11593873  1.05243308  0.52704912 -0.11636053  0.90801929
  1.10119988  0.70633703  0.70855122  1.09826342  0.91505318 -0.21385678
  0.54398181  0.30947322  0.63383635  1.23801431  0.42435196  0.93998376
  0.67400192  0.62114021  0.43563045 -0.20880381 -0.13356637  0.2394463
  0.50151733  0.05744571]",14.2059
48,0.3707,1.9121,"[ 0.43733041  0.2612242  -0.16759851 -0.17108075  0.20196618  0.37451092
  0.52720206  1.12193766  1.05842036  0.53304867 -0.1223597   0.9140183
  1.10719965  0.70034152  0.70256165  1.10425976  0.92104845 -0.2198388
  0.54997554  0.3036801   0.62784411  1.24400282  0.43034777  0.94595997
  0.6799959   0.61514052  0.42963065 -0.21480371 -0.13956595  0.23344969
  0.49552354  0.05144817]",14.2017
49,0.3634,1.8955,"[ 0.44332573  0.2552254  -0.17359718 -0.17708014  0.19597683  0.38050438
  0.52120294  1.1279366   1.06437511  0.53904822 -0.12835888  0.92001731
  1.11319941  0.69434585  0.69657129  1.11025601  0.9270435  -0.2258195
  0.55596905  0.29788175  0.62185148  1.24999155  0.43634421  0.95193801
  0.68598977  0.60914085  0.42363086 -0.22080361 -0.14556555  0.22745335
  0.48953057  0.04545076]",14.198
50,0.3701,1.9244,"[ 0.44932152  0.24922662 -0.17959585 -0.18307955  0.18998709  0.3864981
  0.51520383  1.13393553  1.06438063  0.54504777 -0.13435808  0.92601633
  1.11919918  0.68834997  0.69058017  1.11625222  0.93303838 -0.23179895
  0.56196239  0.29207643  0.61585842  1.25598059  0.44234118  0.95791787
  0.69198359  0.60314118  0.41763106 -0.22680351 -0.15156515  0.22145726
  0.48353849  0.03945348]",14.1973
51,0.3693,1.9237,"[ 0.45531767  0.24322786 -0.1855945  -0.18907897  0.18399725  0.39249206
  0.50920473  1.13993446  1.06236593  0.55104731 -0.1403573   0.93201534
  1.12519894  0.6823539   0.68458849  1.12224836  0.93903307 -0.23777691
  0.5679555   0.28626514  0.60986497  1.26196989  0.44833851  0.96389914
  0.69797737  0.59714152  0.41163126 -0.23280342 -0.15756475  0.21546146
  0.47754747  0.03345633]",14.1981
52,0.3702,1.8851,"[ 0.46131418  0.23722912 -0.19159314 -0.19507842  0.17800754  0.39848628
  0.50320563  1.14593339  1.05640246  0.55704684 -0.14635654  0.93801435
  1.13119871  0.67635763  0.67859636  1.1282444   0.9450276  -0.24375319
  0.57394835  0.28044795  0.60387115  1.26795946  0.45433616  0.96988157
  0.70397112  0.59114188  0.40563146 -0.23880333 -0.16356436  0.20946599
  0.47155761  0.02745932]",14.201
53,0.3587,1.9647,"[ 0.46731088  0.23123043 -0.19759176 -0.20107788  0.17201813  0.40448072
  0.49720654  1.1519323   1.05042312  0.56304636 -0.1523558   0.94401333
  1.13719847  0.67036121  0.67260391  1.13424031  0.95102193 -0.24972741
  0.57994086  0.27462653  0.59787703  1.27394921  0.46033418  0.9758649
  0.70996479  0.58514225  0.39963167 -0.24480323 -0.16956396  0.20347092
  0.46556926  0.0214625 ]",14.2045
54,0.3645,1.8904,"[ 0.47330775  0.22523177 -0.20359036 -0.20707735  0.16602906  0.41047536
  0.49120745  1.1579312   1.04443786  0.56904585 -0.15835507  0.95001228
  1.14319823  0.66436463  0.66661116  1.14023608  0.95701604 -0.25569928
  0.58593299  0.26880121  0.59188262  1.27993911  0.46633247  0.98184903
  0.71595838  0.57914266  0.39363187 -0.25080314 -0.17556356  0.19747632
  0.45958298  0.01546588]",14.2085
55,0.3717,1.9091,"[ 0.47930482  0.21923316 -0.20958894 -0.21307684  0.16004033  0.41647023
  0.48520838  1.16393009  1.03844722  0.57504534 -0.16435435  0.95601124
  1.14919799  0.6583679   0.66061812  1.14623172  0.96300994 -0.26166862
  0.59192475  0.26297171  0.58588793  1.28592918  0.47233086  0.98783397
  0.72195191  0.57314308  0.38763207 -0.25680305 -0.18156316  0.19148224
  0.45359953  0.00946946]",14.213
56,0.3661,1.9512,"[ 0.48530209  0.21323455 -0.21558752 -0.21907635  0.1540518   0.42246538
  0.47920932  1.16992897  1.03245484  0.58104481 -0.17035366  0.96201019
  1.15519776  0.65237098  0.65462471  1.1522273   0.9690037  -0.26763564
  0.59791624  0.25713573  0.5798929   1.29191958  0.47832944  0.99381988
  0.72794546  0.56714352  0.38163227 -0.26280297 -0.18756276  0.18548867
  0.44762001  0.00347321]",14.218
57,0.3655,2.0351,"[ 0.49129946  0.207236   -0.22158606 -0.22507587  0.14806383  0.42846068
  0.47321029  1.17592783  1.02646153  0.58704426 -0.17635296  0.96800912
  1.16119752  0.64637394  0.64863112  1.15822268  0.97499717 -0.27359908
  0.60390719  0.25129783  0.57389768  1.29791002  0.48432811  0.99980631
  0.73393886  0.561144    0.37563248 -0.26880288 -0.19356236  0.17949589
  0.44164788 -0.00252276]",14.2235
58,0.3523,1.9968,"[ 0.49729696  0.2012375  -0.22758458 -0.23107541  0.14207639  0.43445616
  0.46721129  1.18192665  1.02046733  0.59304368 -0.18235228  0.97400802
  1.16719727  0.64037678  0.64263732  1.1642179   0.98099035 -0.2795587
  0.60989764  0.245457    0.56790225  1.30390057  0.4903269   1.00579333
  0.73993215  0.55514452  0.36963268 -0.2748028  -0.19956196  0.17350399
  0.43569069 -0.00851844]",14.2295
59,0.3523,2.0155,"[ 0.50329456  0.19523903 -0.23358308 -0.23707496  0.13608948  0.44045183
  0.4612123   1.18792545  1.01447247  0.59904307 -0.18835161  0.98000689
  1.17319703  0.63437949  0.63664328  1.17021297  0.98698328 -0.28551414
  0.61588758  0.23961253  0.56190658  1.30989126  0.49632583  1.01178098
  0.74592534  0.54914511  0.36363289 -0.28080271 -0.20556156  0.16751315
  0.42978535 -0.01451384]",14.2359
60,0.3584,2.0544,"[ 0.50929217  0.18924066 -0.2395815  -0.2430745   0.1301037   0.44644755
  0.45521337  1.19392419  1.00847711  0.6050424  -0.19435091  0.9860057
  1.17919678  0.62838216  0.63064925  1.17620772  0.9929757  -0.29146312
  0.62187659  0.23377005  0.55591085  1.31588175  0.50232478  1.01776878
  0.75191819  0.54314576  0.3576331  -0.28680263 -0.21156114  0.16152399
  0.43006875 -0.02050873]",14.2437
61,0.353,2.0777,"[ 0.51528987  0.18324233 -0.2455799  -0.24907406  0.12411865  0.45244346
  0.44921447  1.1999229   1.00248161  0.61104171 -0.20035023  0.99200448
  1.18519652  0.6223847   0.624655    1.18220232  0.99896799 -0.29740764
  0.62786498  0.22792415  0.54991491  1.32187237  0.50832381  1.02375715
  0.75791093  0.53714649  0.35163331 -0.29280255 -0.21756072  0.15553652
  0.43598217 -0.02650326]",14.2528
62,0.3527,2.0683,"[ 0.52128758  0.17724408 -0.25157824 -0.25507363  0.11813483  0.45843947
  0.44321562  1.20592155  0.99648542  0.61704097 -0.20634954  0.9980032
  1.19119626  0.61638716  0.61866066  1.18819667  1.00496002 -0.30334603
  0.63385243  0.2220781   0.54391885  1.3278629   0.51432291  1.02974582
  0.76390339  0.53114735  0.34563353 -0.29880246 -0.2235603   0.14955158
  0.44193891 -0.03249724]",14.2624
63,0.3671,2.0403,"[ 0.5272853   0.17124592 -0.25757652 -0.2610732   0.11215252  0.46443557
  0.43721682  1.21192012  0.99048887  0.62304017 -0.21234883  1.00400187
  1.19719599  0.61038957  0.61266627  1.19419072  1.01095174 -0.309277
  0.63983876  0.2162326   0.53792269  1.33385329  0.52032204  1.03573472
  0.76989552  0.52514835  0.33963375 -0.30480238 -0.22955987  0.14357022
  0.44790922 -0.03849059]",14.2726
64,0.3564,2.0654,"[ 0.53328308  0.1652478  -0.26357477 -0.26707279  0.10617152  0.47043186
  0.43121804  1.21791867  0.98449198  0.62903932 -0.21834813  1.0100005
  1.20319572  0.60439185  0.60667168  1.20018463  1.01694336 -0.31520135
  0.64582426  0.21038356  0.53192633  1.33984379  0.52632124  1.04172416
  0.77588751  0.51914957  0.33363397 -0.3108023  -0.23555944  0.13759348
  0.45388689 -0.0444834 ]",14.2832
65,0.3571,2.0084,"[ 0.53928088  0.15924974 -0.26957298 -0.27307239  0.10019239  0.47642829
  0.42521929  1.22391715  0.97849485  0.63503841 -0.22434743  1.01599908
  1.20919545  0.59839403  0.60067695  1.20617834  1.02293478 -0.32111693
  0.65180865  0.20453285  0.52592982  1.34583428  0.53232049  1.04771397
  0.78187926  0.51315114  0.3276342  -0.31680222 -0.24155901  0.13162453
  0.45986878 -0.05047552]",14.2943
66,0.3474,2.0403,"[ 0.54527873  0.15325173 -0.27557117 -0.279072    0.0942154   0.4824249
  0.41922054  1.2299156   0.9724979   0.64103731 -0.23034674  1.02199755
  1.21519518  0.5923961   0.59468204  1.21217189  1.02892609 -0.32702301
  0.65779196  0.19867892  0.51993314  1.35182484  0.53831982  1.05370425
  0.78787083  0.50715456  0.32163443 -0.32280214 -0.24755858  0.12566984
  0.46585367 -0.05646694]",14.3059
67,0.3485,1.9492,"[ 0.55127659  0.14725382 -0.28156927 -0.28507161  0.08824206  0.48842158
  0.41322193  1.2359139   0.96650089  0.64703613 -0.23634602  1.02799595
  1.22119489  0.58639811  0.58868711  1.21816508  1.03491702 -0.33291441
  0.66377352  0.19282619  0.51393638  1.35781517  0.54431915  1.05969469
  0.79386195  0.50115939  0.31563466 -0.32880206 -0.25355814  0.1197556
  0.47184031 -0.06245727]",14.3179
68,0.3568,1.9222,"[ 0.55727451  0.14125595 -0.28756736 -0.29107124  0.08227263  0.49441845
  0.40722339  1.24191209  0.96050347  0.65303492 -0.24234531  1.03399436
  1.22719461  0.58040001  0.58269196  1.22415816  1.04090788 -0.33879192
  0.66975379  0.18696949  0.50793944  1.36380558  0.55031851  1.06568562
  0.79985289  0.49715893  0.30963489 -0.33480198 -0.25955771  0.11597412
  0.47782871 -0.06844669]",14.3317
69,0.3559,1.9478,"[ 0.5632724   0.13525818 -0.29356537 -0.29707088  0.07631035  0.50041537
  0.40122494  1.24791018  0.95450594  0.65903352 -0.24834457  1.03999266
  1.23319432  0.57440185  0.57669686  1.23015119  1.04689834 -0.3446473
  0.67573186  0.18111363  0.50194244  1.36979565  0.55631789  1.07167665
  0.80584322  0.49914676  0.30363513 -0.34080191 -0.26555727  0.12175247
  0.48381811 -0.07443486]",14.3503
70,0.359,1.8806,"[ 0.56927028  0.12926051 -0.29956329 -0.30307051  0.07035944  0.50641232
  0.39522661  1.25390816  0.94850828  0.66503193 -0.25434381  1.04599088
  1.23919402  0.56840363  0.57070183  1.23614443  1.05288844 -0.35047428
  0.6817075   0.17525772  0.49594541  1.37578529  0.56231728  1.07766775
  0.8118328   0.5051418   0.29763537 -0.34680183 -0.27155682  0.12767006
  0.48980842 -0.08042173]",14.3716
71,0.361,1.9021,"[ 0.57526819  0.12326289 -0.30556117 -0.30907015  0.06442785  0.51240938
  0.38922837  1.25990606  0.94251056  0.67103002 -0.26034305  1.05198901
  1.24519373  0.56240531  0.56470675  1.24213802  1.05887837 -0.35626709
  0.68768088  0.1693987   0.48994828  1.38177467  0.56831671  1.08365909
  0.81782173  0.51113949  0.29163561 -0.35280176 -0.27755638  0.1336176
  0.49579967 -0.08640742]",14.3934
72,0.359,1.9142,"[ 0.58126607  0.11726537 -0.31155896 -0.31506979  0.0585471   0.51840645
  0.38323036  1.26590377  0.93651279  0.67702787 -0.26634225  1.05798706
  1.25119342  0.55640693  0.55871176  1.24813176  1.06486784 -0.36200441
  0.69365076  0.16354039  0.48395114  1.38776342  0.57431614  1.08965042
  0.8238096   0.51713762  0.28563586 -0.35880169 -0.28355594  0.13957751
  0.50179148 -0.09239128]",14.4155
73,0.3615,1.893,"[ 0.58726394  0.11126794 -0.31755668 -0.32106943  0.05339157  0.52440358
  0.37723254  1.27190132  0.93051503  0.68302525 -0.27234143  1.063985
  1.25719311  0.55040849  0.55271682  1.25412572  1.07085696 -0.36765934
  0.69961681  0.15768113  0.47795395  1.39375164  0.58031558  1.09564186
  0.82979641  0.52313613  0.27963611 -0.36480161 -0.28955549  0.14554488
  0.50778387 -0.09837316]",14.4381
74,0.3567,1.9139,"[ 0.5932618   0.10527061 -0.32355435 -0.32706907  0.05890631  0.53040075
  0.37123494  1.27789868  0.92451718  0.68902164 -0.27834057  1.0699828
  1.2631928   0.54440998  0.54672193  1.26011988  1.07684566 -0.37316726
  0.70557792  0.15182158  0.47195674  1.39973997  0.58631504  1.10163333
  0.83578189  0.52913499  0.27363636 -0.37080154 -0.29555504  0.15151692
  0.51377672 -0.10435253]",14.4622
75,0.3517,1.901,"[ 0.59925962  0.09927342 -0.32955196 -0.33306871  0.06474982  0.53639793
  0.36523786  1.28389561  0.91851932  0.69501613 -0.28433967  1.07598038
  1.26919247  0.53841144  0.54072722  1.26611411  1.08283369 -0.37833843
  0.71153194  0.14596435  0.46595962  1.405729    0.59231449  1.10762464
  0.8417655   0.53513401  0.26763663 -0.37680147 -0.30155458  0.15749174
  0.51976985 -0.11032835]",14.4866
76,0.3606,1.9096,"[ 0.60525749  0.09327627 -0.33554962 -0.33906835  0.07065495  0.54239524
  0.35924132  1.28989212  0.91252147  0.70100904 -0.29033875  1.08197791
  1.27519215  0.53241281  0.53473242  1.27210868  1.08882159 -0.38213279
  0.71747902  0.14010318  0.45996244  1.41171914  0.59831396  1.11361618
  0.84774767  0.54113312  0.26163689 -0.38280141 -0.30755413  0.16346959
  0.52576352 -0.11630091]",14.5113
77,0.3647,1.8494,"[ 0.61125529  0.0872793  -0.3415472  -0.34506799  0.07658318  0.54839253
  0.35324617  1.29588769  0.90652369  0.70699064 -0.29633776  1.08797519
  1.28119181  0.52641415  0.52873786  1.27810326  1.09480865 -0.37896419
  0.72341312  0.13424573  0.45396537  1.41770974  0.60431341  1.1196075
  0.8537269   0.54713228  0.25563716 -0.38880134 -0.31355367  0.16944864
  0.53175733 -0.12226764]",14.5358
78,0.3675,1.862,"[ 0.61725308  0.08128242 -0.34754477 -0.35106764  0.08252583  0.55438989
  0.34725345  1.30188202  0.90052579  0.70892313 -0.30233671  1.09397229
  1.28719146  0.52041543  0.52274336  1.28409803  1.10079535 -0.37410195
  0.72933095  0.12838774  0.44796832  1.42370105  0.61031287  1.12559887
  0.85970303  0.55313153  0.24963744 -0.39480127 -0.3195532   0.17542919
  0.53775142 -0.1282289 ]",14.5597
79,0.3607,1.8964,"[ 0.62325088  0.07528558 -0.35354237 -0.35706729  0.08847714  0.56038735
  0.34126654  1.3078746   0.89452777  0.70696957 -0.30833562  1.09996919
  1.29319111  0.51441665  0.5167489   1.29009302  1.10678226 -0.36884249
  0.73522462  0.1225281   0.44197126  1.42969308  0.61631233  1.13159041
  0.86567468  0.55913082  0.24363772 -0.4008012  -0.32555274  0.18141107
  0.54374575 -0.13418694]",14.5832
80,0.3647,1.9087,"[ 0.62924869  0.0692888  -0.35953997 -0.36306694  0.09443501  0.56638489
  0.33735137  1.31386193  0.88852966  0.70897608 -0.31433446  1.10596596
  1.29919076  0.5084178   0.51075451  1.29608818  1.11276914 -0.36340261
  0.74107308  0.11666752  0.4359742   1.43568572  0.6223118   1.13758207
  0.87163992  0.56513011  0.237638   -0.40680114 -0.33155227  0.18739398
  0.54974029 -0.14013972]",14.6085
81,0.3633,1.9797,"[ 0.6352465   0.0632921  -0.36553757 -0.36906661  0.10039896  0.5723825
  0.33549471  1.31984016  0.88253152  0.70697622 -0.32033325  1.1119623
  1.3051904   0.50241891  0.50476019  1.3020835   1.118756   -0.35785971
  0.74680983  0.11080593  0.42997714  1.44167888  0.62831128  1.14357387
  0.87759649  0.57112948  0.23163829 -0.41280108 -0.33755181  0.19337836
  0.55573501 -0.14608549]",14.6339
82,0.3691,2.0189,"[ 0.64124425  0.05729555 -0.37153513 -0.37506627  0.10636715  0.5783801
  0.34146695  1.32200676  0.87653336  0.70099746 -0.32633193  1.11795804
  1.31119002  0.49642     0.4987661   1.3080788   1.12474299 -0.35225333
  0.75110246  0.10494725  0.42398015  1.4476723   0.63431075  1.14956561
  0.8835371   0.57712886  0.22563858 -0.41880101 -0.34355134  0.19936385
  0.56172963 -0.15202809]",14.6621
83,0.3608,2.0791,"[ 0.64724204  0.05129896 -0.37753273 -0.38106594  0.11234139  0.5843778
  0.34744767  1.32198454  0.87053513  0.69500279 -0.33233062  1.12395241
  1.31718964  0.49042104  0.49277201  1.31407426  1.13073075 -0.34658759
  0.74581374  0.0990857   0.4179831   1.4536662   0.64031028  1.15555766
  0.88945736  0.58312835  0.21963888 -0.42480095 -0.34955087  0.20535128
  0.56772434 -0.15797259]",14.6863
84,0.3685,1.8596,"[ 0.65323974  0.04530252 -0.38353023 -0.38706561  0.11831984  0.59037543
  0.35344047  1.3160059   0.86453674  0.69101399 -0.33832917  1.12994604
  1.32318924  0.4844221   0.48677826  1.3200696   1.13671849 -0.34089366
  0.74003489  0.0932302   0.41198615  1.45966015  0.64630979  1.16154954
  0.89534146  0.58912781  0.21363918 -0.43080089 -0.35555037  0.21133951
  0.57371882 -0.1639166 ]",14.7134
85,0.3702,2.038,"[ 0.65923749  0.03930597 -0.3895278  -0.39306529  0.12430269  0.59637316
  0.35943486  1.31001724  0.85853817  0.685034   -0.34432769  1.13593907
  1.32918884  0.47842311  0.48078445  1.32606514  1.14270696 -0.33516119
  0.73416632  0.08737176  0.40598911  1.46565452  0.65230932  1.16754176
  0.90116667  0.59512729  0.20763948 -0.43680083 -0.36154989  0.21732906
  0.57971345 -0.16986313]",14.7405
86,0.3688,2.0337,"[ 0.6652352   0.03330948 -0.39552531 -0.39906498  0.13028785  0.60237087
  0.36543012  1.30402555  0.85253961  0.67904251 -0.35032613  1.14192893
  1.33518842  0.47242412  0.47479089  1.33206065  1.14869568 -0.32940792
  0.72826336  0.08151718  0.39999212  1.47164901  0.65830887  1.17353396
  0.90673212  0.60112681  0.20163979 -0.44280078 -0.3675494   0.22331925
  0.58570797 -0.17581133]",14.7678
87,0.3659,2.0254,"[ 0.67123288  0.02731302 -0.40152279 -0.40506466  0.13627483  0.60836859
  0.37142612  1.29803199  0.846541    0.67304968 -0.3563245   1.14791322
  1.34118798  0.46642512  0.46879757  1.33805617  1.15468473 -0.32363606
  0.72234055  0.07566564  0.39399515  1.47764366  0.66430843  1.1795262
  0.90489149  0.60712634  0.19564011 -0.44880072 -0.3735489   0.22931004
  0.59170239 -0.18176179]",14.7976
88,0.3636,2.0203,"[ 0.67723056  0.02131655 -0.40752026 -0.41106436  0.14226332  0.61436633
  0.37742258  1.29203739  0.84054233  0.66705539 -0.36232279  1.15387773
  1.34718753  0.4604261   0.46280442  1.34405173  1.16067423 -0.31784643
  0.71640431  0.06981571  0.3879982   1.48363851  0.67030801  1.18551857
  0.89936048  0.61312591  0.18964043 -0.45480066 -0.37954839  0.23530143
  0.59769677 -0.18771514]",14.8288
89,0.3669,2.0356,"[ 0.68322818  0.01532016 -0.41351767 -0.41706405  0.14825277  0.62036403
  0.38341924  1.28604228  0.83454363  0.66106159 -0.36832094  1.1597937
  1.35318705  0.45442709  0.45681163  1.35004725  1.16666392 -0.31204604
  0.71045998  0.0639709   0.38200132  1.48963343  0.67630759  1.19151091
  0.89363914  0.61912549  0.18364076 -0.4608006  -0.38554787  0.24129315
  0.60369099 -0.19367035]",14.8603
90,0.3693,2.0378,"[ 0.68922584  0.00932371 -0.4195151  -0.42306375  0.15424338  0.62636179
  0.38941614  1.28004669  0.82854486  0.65506954 -0.37431896  1.16001549
  1.35918655  0.44842804  0.45081902  1.35604284  1.17265409 -0.30623055
  0.70450791  0.0581255   0.37600443  1.49562858  0.68230718  1.19750342
  0.88790743  0.62512507  0.17764109 -0.46680055 -0.39154735  0.24728536
  0.60968522 -0.19962773]",14.8914
91,0.3765,2.0212,"[ 0.69522352  0.00332723 -0.42551255 -0.42906346  0.1602349   0.63235956
  0.39541316  1.27405086  0.82254607  0.64907697 -0.38031683  1.1606054
  1.36518603  0.44242899  0.44482677  1.36203844  1.17864453 -0.3004046
  0.69855023  0.05228042  0.37000758  1.50162385  0.68830678  1.20349595
  0.88244105  0.63112466  0.17164143 -0.47280049 -0.39754682  0.25327779
  0.61567937 -0.20558486]",14.9228
92,0.3736,1.9885,"[ 0.70122116 -0.00266922 -0.43150995 -0.43506316  0.16622702  0.63835731
  0.40141043  1.2680546   0.81654726  0.64708181 -0.38631435  1.16614844
  1.37118546  0.43642994  0.43883505  1.36803398  1.18463501 -0.29457286
  0.69258882  0.0464385   0.36401084  1.50761917  0.69430638  1.20948838
  0.87879208  0.63712423  0.16564179 -0.47880044 -0.40354627  0.25927031
  0.62167335 -0.21154048]",14.9551
93,0.3766,2.0336,"[ 0.70721888 -0.0086658  -0.43750747 -0.44106289  0.17222     0.64435518
  0.40740798  1.26205788  0.81054834  0.64310008 -0.39231168  1.16835403
  1.37718488  0.43043083  0.4328433   1.37402974  1.19062601 -0.28872834
  0.68662271  0.04059231  0.358014    1.51361482  0.70030599  1.21548122
  0.8735343   0.64312382  0.15964213 -0.48480039 -0.40954574  0.26526344
  0.62766759 -0.21749728]",14.9873
94,0.3759,2.0611,"[ 0.7132166  -0.0146624  -0.44350498 -0.44706261  0.17821346  0.65035306
  0.41340577  1.25606077  0.80454939  0.64111018 -0.39830857  1.17416692
  1.38318427  0.42443171  0.42685197  1.38002551  1.19661718 -0.28287758
  0.68065382  0.03474742  0.35201723  1.51961058  0.70630561  1.22147412
  0.86938712  0.64912342  0.15364249 -0.49080033 -0.41554521  0.27125676
  0.63366179 -0.22345379]",15.0201
95,0.3753,2.0454,"[ 0.71921428 -0.02065895 -0.44950246 -0.45306234  0.18420724  0.65635092
  0.4194036   1.25006356  0.79855045  0.63712449 -0.40430488  1.17421435
  1.38918359  0.41843259  0.42086124  1.38602125  1.20260833 -0.27702434
  0.67468314  0.02890662  0.34602057  1.52560639  0.71230522  1.227467
  0.86667762  0.65512303  0.14764286 -0.49680028 -0.42154466  0.27725019
  0.6396559  -0.22940849]",15.0519
96,0.3724,2.0134,"[ 0.72521192 -0.02665544 -0.45549988 -0.45906206  0.19020126  0.66234874
  0.42540141  1.24406637  0.79255155  0.63114126 -0.41030044  1.17396856
  1.39518281  0.41243348  0.41487147  1.39201685  1.20859942 -0.27116938
  0.66871092  0.02307026  0.3400241   1.53160217  0.71830484  1.23345966
  0.87194955  0.66112264  0.14164326 -0.50280023 -0.42754409  0.28324349
  0.64564975 -0.23536061]",15.0813
97,0.3799,1.9395,"[ 0.73120962 -0.03265206 -0.46149737 -0.4650618   0.19619576  0.66834663
  0.43139925  1.23806911  0.78655263  0.62515426 -0.41629502  1.17247995
  1.40118196  0.40643434  0.40888229  1.39801254  1.21459091 -0.26530621
  0.6627361   0.0172306   0.33402767  1.53759813  0.72430448  1.23945245
  0.8776232   0.66712227  0.13564367 -0.50880018 -0.43354351  0.28923698
  0.65164362 -0.24131256]",15.1109
98,0.3809,1.8361,"[ 0.7372072  -0.03864855 -0.46749475 -0.47106152  0.20219029  0.67434444
  0.43739721  1.23207168  0.78055374  0.62316428 -0.42228624  1.1745021
  1.40718092  0.40043524  0.40289457  1.40400802  1.22058213 -0.25944543
  0.65676077  0.01139938  0.32803154  1.54359397  0.73030409  1.24544489
  0.88336564  0.67312188  0.12964412 -0.51480013 -0.4395429   0.29523022
  0.65763711 -0.24726038]",15.1416
99,0.3831,1.8491,"[ 0.74320481 -0.04464511 -0.47349219 -0.47706125  0.20818518  0.6803423
  0.4433953   1.22607405  0.77455479  0.62311698 -0.42826741  1.17685553
  1.41317973  0.3944361   0.3969076   1.41000359  1.22657356 -0.25357942
  0.65078364  0.00556676  0.32203547  1.54958999  0.73630372  1.25143753
  0.8890963   0.6791215   0.12364458 -0.52080008 -0.44554229  0.3012237
  0.66363072 -0.2532063 ]",15.1729
